query_id,query_text,expected_operation_id,expected_tool_id,expected_server_id,source
file_read_006,"Before I edit it, show me the current text in ./config/service.yaml.",FILE_READ,read_file,filesystem_mcp,"model-authored, scenario-based (supplementary)"
file_read_007,What does the saved file receipts/october.txt contain?,FILE_READ,read_file,filesystem_mcp,"model-authored, scenario-based (supplementary)"
file_write_006,Create output/summary.txt containing the final summary I pasted.,FILE_WRITE,write_file,filesystem_mcp,"model-authored, scenario-based (supplementary)"
file_write_007,Replace everything in ./settings.json with this new configuration text.,FILE_WRITE,write_file,filesystem_mcp,"model-authored, scenario-based (supplementary)"
file_append_006,Keep the existing deployment log and add this status line at its end.,FILE_APPEND,append_file,filesystem_mcp,"model-authored, scenario-based (supplementary)"
file_append_007,Put my follow-up note after the current contents of journal.md.,FILE_APPEND,append_file,filesystem_mcp,"model-authored, scenario-based (supplementary)"
file_copy_006,Make a backup copy of ledger.csv at backups/ledger.csv while keeping the source.,FILE_COPY,copy_file,filesystem_mcp,"model-authored, scenario-based (supplementary)"
file_copy_007,Duplicate the signed PDF into the archive directory; leave the original where it is.,FILE_COPY,copy_file,filesystem_mcp,"model-authored, scenario-based (supplementary)"
file_move_006,Rename drafts/budget.csv to approved/budget.csv so it no longer lives in drafts.,FILE_MOVE,move_file,filesystem_mcp,"model-authored, scenario-based (supplementary)"
file_move_007,Relocate the exported image to the assets folder instead of its current path.,FILE_MOVE,move_file,filesystem_mcp,"model-authored, scenario-based (supplementary)"
file_delete_006,Permanently remove the obsolete cache file at tmp/cache-old.bin.,FILE_DELETE,delete_file,filesystem_mcp,"model-authored, scenario-based (supplementary)"
file_delete_007,Erase the stray build artifact output/debug.tmp from the filesystem.,FILE_DELETE,delete_file,filesystem_mcp,"model-authored, scenario-based (supplementary)"
directory_list_006,Which files and subfolders are inside the reports directory?,DIRECTORY_LIST,list_directory,filesystem_mcp,"model-authored, scenario-based (supplementary)"
directory_list_007,Show the immediate entries under ./incoming before I pick a file.,DIRECTORY_LIST,list_directory,filesystem_mcp,"model-authored, scenario-based (supplementary)"
file_metadata_006,Check the byte size and last-modified timestamp of archive.zip.,FILE_METADATA,get_file_metadata,filesystem_mcp,"model-authored, scenario-based (supplementary)"
file_metadata_007,Tell me the extension and file attributes of images/cover.webp.,FILE_METADATA,get_file_metadata,filesystem_mcp,"model-authored, scenario-based (supplementary)"
pdf_text_extract_006,Turn the attached annual-report.pdf into page-ordered plain text.,PDF_TEXT_EXTRACT,extract_pdf_text,document_mcp,"model-authored, scenario-based (supplementary)"
pdf_text_extract_007,I need the words from this PDF extracted so they can be indexed.,PDF_TEXT_EXTRACT,extract_pdf_text,document_mcp,"model-authored, scenario-based (supplementary)"
docx_text_extract_006,Pull the paragraph text out of contract-draft.docx.,DOCX_TEXT_EXTRACT,extract_docx_text,document_mcp,"model-authored, scenario-based (supplementary)"
docx_text_extract_007,Convert this Word file's written content into plain text for analysis.,DOCX_TEXT_EXTRACT,extract_docx_text,document_mcp,"model-authored, scenario-based (supplementary)"
document_summarize_006,Give me the central findings and recommendations of the attached report.,DOCUMENT_SUMMARIZE,summarize_document,document_mcp,"model-authored, scenario-based (supplementary)"
document_summarize_007,I don't have time to read this contract; outline its main obligations.,DOCUMENT_SUMMARIZE,summarize_document,document_mcp,"model-authored, scenario-based (supplementary)"
document_search_006,Find where this policy document discusses reimbursement for taxis.,DOCUMENT_SEARCH,search_document,document_mcp,"model-authored, scenario-based (supplementary)"
document_search_007,Search the uploaded manual for the passage about password recovery.,DOCUMENT_SEARCH,search_document,document_mcp,"model-authored, scenario-based (supplementary)"
document_section_extract_006,Return just the 'Limitations' section from this manuscript.,DOCUMENT_SECTION_EXTRACT,extract_document_section,document_mcp,"model-authored, scenario-based (supplementary)"
document_section_extract_007,Pull Chapter 4 out of the uploaded handbook without the other chapters.,DOCUMENT_SECTION_EXTRACT,extract_document_section,document_mcp,"model-authored, scenario-based (supplementary)"
sql_query_006,"Run SELECT order_id, total FROM orders WHERE total > 500 and show the rows.",SQL_QUERY,execute_sql_query,database_mcp,"model-authored, scenario-based (supplementary)"
sql_query_007,"Query the database for active subscriptions created this week, without changing data.",SQL_QUERY,execute_sql_query,database_mcp,"model-authored, scenario-based (supplementary)"
database_schema_inspect_006,"What columns, types, and keys are defined on the invoices table?",DATABASE_SCHEMA_INSPECT,inspect_database_schema,database_mcp,"model-authored, scenario-based (supplementary)"
database_schema_inspect_007,Show the database tables and how their foreign keys relate.,DATABASE_SCHEMA_INSPECT,inspect_database_schema,database_mcp,"model-authored, scenario-based (supplementary)"
database_insert_006,Add a customer record with name Mira Shah and email mira@example.com.,DATABASE_INSERT,insert_database_record,database_mcp,"model-authored, scenario-based (supplementary)"
database_insert_007,Create a row in shipments for order 641 with status pending.,DATABASE_INSERT,insert_database_record,database_mcp,"model-authored, scenario-based (supplementary)"
database_update_006,Change the database row for order 641 so its status is delivered.,DATABASE_UPDATE,update_database_record,database_mcp,"model-authored, scenario-based (supplementary)"
database_update_007,Set the phone field on customer ID 18 to the corrected number.,DATABASE_UPDATE,update_database_record,database_mcp,"model-authored, scenario-based (supplementary)"
database_delete_006,Delete the test-account record whose user_id is 918.,DATABASE_DELETE,delete_database_record,database_mcp,"model-authored, scenario-based (supplementary)"
database_delete_007,Remove database rows in temporary_jobs where expired is true.,DATABASE_DELETE,delete_database_record,database_mcp,"model-authored, scenario-based (supplementary)"
database_aggregate_006,Count paid invoices by month in the billing table.,DATABASE_AGGREGATE,aggregate_database_data,database_mcp,"model-authored, scenario-based (supplementary)"
database_aggregate_007,"By customer tier, what is the mean amount spent per order?",DATABASE_AGGREGATE,aggregate_database_data,database_mcp,"model-authored, scenario-based (supplementary)"
web_fetch_006,Fetch the complete response body from https://example.org/data/catalog.,WEB_FETCH,fetch_web_page,web_mcp,"model-authored, scenario-based (supplementary)"
web_fetch_007,Download what this URL returns before doing any extraction.,WEB_FETCH,fetch_web_page,web_mcp,"model-authored, scenario-based (supplementary)"
web_text_extract_006,Strip the navigation and ads from this article and keep its main prose.,WEB_TEXT_EXTRACT,extract_web_text,web_mcp,"model-authored, scenario-based (supplementary)"
web_text_extract_007,Read only the central written content of the linked web page.,WEB_TEXT_EXTRACT,extract_web_text,web_mcp,"model-authored, scenario-based (supplementary)"
web_link_extract_006,Collect all hyperlinks and their labels from the resource page.,WEB_LINK_EXTRACT,extract_web_links,web_mcp,"model-authored, scenario-based (supplementary)"
web_link_extract_007,Which destinations are linked in this page's references section?,WEB_LINK_EXTRACT,extract_web_links,web_mcp,"model-authored, scenario-based (supplementary)"
web_metadata_006,"Read the page's declared title, description, and canonical address.",WEB_METADATA,extract_web_metadata,web_mcp,"model-authored, scenario-based (supplementary)"
web_metadata_007,What publication date and author metadata does this article expose?,WEB_METADATA,extract_web_metadata,web_mcp,"model-authored, scenario-based (supplementary)"
web_structured_extract_006,Turn the product listing into rows containing item name and displayed price.,WEB_STRUCTURED_EXTRACT,extract_structured_web_data,web_mcp,"model-authored, scenario-based (supplementary)"
web_structured_extract_007,Extract the dates and speakers from the event schedule on this page.,WEB_STRUCTURED_EXTRACT,extract_structured_web_data,web_mcp,"model-authored, scenario-based (supplementary)"
web_search_006,Find web results about recent OAuth 2.0 security guidance.,WEB_SEARCH,search_web,web_mcp,"model-authored, scenario-based (supplementary)"
web_search_007,Search online for guides to recycling lithium batteries.,WEB_SEARCH,search_web,web_mcp,"model-authored, scenario-based (supplementary)"
paper_search_006,Find peer-reviewed studies comparing BM25 with dense retrieval.,PAPER_SEARCH,search_research_papers,research_mcp,"model-authored, scenario-based (supplementary)"
paper_search_007,Look for recent research on tool selection in language-model agents.,PAPER_SEARCH,search_research_papers,research_mcp,"model-authored, scenario-based (supplementary)"
paper_metadata_006,"Resolve DOI 10.1145/0000000 into its title, authors, and publication venue.",PAPER_METADATA,get_paper_metadata,research_mcp,"model-authored, scenario-based (supplementary)"
paper_metadata_007,What year and abstract are recorded for the paper with this identifier?,PAPER_METADATA,get_paper_metadata,research_mcp,"model-authored, scenario-based (supplementary)"
paper_citations_006,Which later publications cite the specified paper?,PAPER_CITATIONS,get_paper_citations,research_mcp,"model-authored, scenario-based (supplementary)"
paper_citations_007,Get the bibliography entries referenced by this article.,PAPER_CITATIONS,get_paper_citations,research_mcp,"model-authored, scenario-based (supplementary)"
paper_summarize_006,"Explain this study's research question, method, and key results.",PAPER_SUMMARIZE,summarize_research_paper,research_mcp,"model-authored, scenario-based (supplementary)"
paper_summarize_007,Give a short account of this paper's experiments and limitations.,PAPER_SUMMARIZE,summarize_research_paper,research_mcp,"model-authored, scenario-based (supplementary)"
paper_compare_006,How do these two studies differ in dataset and evaluation metric?,PAPER_COMPARE,compare_research_papers,research_mcp,"model-authored, scenario-based (supplementary)"
paper_compare_007,Compare the claims and limitations of the three supplied papers.,PAPER_COMPARE,compare_research_papers,research_mcp,"model-authored, scenario-based (supplementary)"
email_send_006,Send the meeting agenda to team@example.com with the subject 'Friday review'.,EMAIL_SEND,send_email,email_mcp,"model-authored, scenario-based (supplementary)"
email_send_007,"Email Riya the final handoff note now, rather than saving a draft.",EMAIL_SEND,send_email,email_mcp,"model-authored, scenario-based (supplementary)"
email_search_006,Find unread mail from billing@example.com received this month.,EMAIL_SEARCH,search_email,email_mcp,"model-authored, scenario-based (supplementary)"
email_search_007,Look for inbox messages with 'renewal' in the subject.,EMAIL_SEARCH,search_email,email_mcp,"model-authored, scenario-based (supplementary)"
email_read_006,Open email message 8f2a and show its full body and sender.,EMAIL_READ,read_email,email_mcp,"model-authored, scenario-based (supplementary)"
email_read_007,Read the saved supplier email identified by this message ID.,EMAIL_READ,read_email,email_mcp,"model-authored, scenario-based (supplementary)"
email_reply_006,Reply in the existing client email thread to confirm Friday works.,EMAIL_REPLY,reply_email,email_mcp,"model-authored, scenario-based (supplementary)"
email_reply_007,"Answer message 8f2a with the revised deadline, keeping the conversation together.",EMAIL_REPLY,reply_email,email_mcp,"model-authored, scenario-based (supplementary)"
email_draft_006,Compose an email to the hiring manager but leave it unsent in Drafts.,EMAIL_DRAFT,create_email_draft,email_mcp,"model-authored, scenario-based (supplementary)"
email_draft_007,Save this subject and body as a draft addressed to the vendor.,EMAIL_DRAFT,create_email_draft,email_mcp,"model-authored, scenario-based (supplementary)"
email_archive_006,Clear the resolved support message from Inbox while retaining it in mail.,EMAIL_ARCHIVE,archive_email,email_mcp,"model-authored, scenario-based (supplementary)"
email_archive_007,Archive email 8f2a so it is stored but no longer active in my inbox.,EMAIL_ARCHIVE,archive_email,email_mcp,"model-authored, scenario-based (supplementary)"
calendar_create_006,Add a design review to my calendar from 14:00 to 14:30 next Thursday.,CALENDAR_CREATE,create_calendar_event,calendar_mcp,"model-authored, scenario-based (supplementary)"
calendar_create_007,Schedule a meeting called Sprint Planning for 9:00–10:00 on October 15.,CALENDAR_CREATE,create_calendar_event,calendar_mcp,"model-authored, scenario-based (supplementary)"
calendar_search_006,Which calendar entries mention the migration project next week?,CALENDAR_SEARCH,search_calendar_events,calendar_mcp,"model-authored, scenario-based (supplementary)"
calendar_search_007,Find my appointments scheduled for Friday afternoon.,CALENDAR_SEARCH,search_calendar_events,calendar_mcp,"model-authored, scenario-based (supplementary)"
calendar_update_006,Move event 83ab from 10:00 to 11:00 tomorrow.,CALENDAR_UPDATE,update_calendar_event,calendar_mcp,"model-authored, scenario-based (supplementary)"
calendar_update_007,Change the title of my existing review meeting to 'Final Review'.,CALENDAR_UPDATE,update_calendar_event,calendar_mcp,"model-authored, scenario-based (supplementary)"
calendar_delete_006,Cancel calendar event 83ab; the review is no longer happening.,CALENDAR_DELETE,delete_calendar_event,calendar_mcp,"model-authored, scenario-based (supplementary)"
calendar_delete_007,Remove the duplicate planning meeting from next Monday's calendar.,CALENDAR_DELETE,delete_calendar_event,calendar_mcp,"model-authored, scenario-based (supplementary)"
calendar_availability_006,Check whether I have an open half hour between 2 and 4 p.m. tomorrow.,CALENDAR_AVAILABILITY,check_calendar_availability,calendar_mcp,"model-authored, scenario-based (supplementary)"
calendar_availability_007,Show free and busy periods on my calendar for Thursday morning.,CALENDAR_AVAILABILITY,check_calendar_availability,calendar_mcp,"model-authored, scenario-based (supplementary)"
message_send_006,Post 'The deployment has finished' in the operations channel.,MESSAGE_SEND,send_channel_message,messaging_mcp,"model-authored, scenario-based (supplementary)"
message_send_007,Send this announcement as a new message to #product-updates.,MESSAGE_SEND,send_channel_message,messaging_mcp,"model-authored, scenario-based (supplementary)"
message_search_006,Find past team messages that mention the database outage.,MESSAGE_SEARCH,search_messages,messaging_mcp,"model-authored, scenario-based (supplementary)"
message_search_007,Search the workspace conversations for the API limit decision.,MESSAGE_SEARCH,search_messages,messaging_mcp,"model-authored, scenario-based (supplementary)"
message_thread_reply_006,Respond under the existing deployment discussion thread with my update.,MESSAGE_THREAD_REPLY,reply_to_thread,messaging_mcp,"model-authored, scenario-based (supplementary)"
message_thread_reply_007,Add this answer to thread 91c2 rather than posting a new channel message.,MESSAGE_THREAD_REPLY,reply_to_thread,messaging_mcp,"model-authored, scenario-based (supplementary)"
channel_list_006,Enumerate the team rooms I can join in this workspace.,CHANNEL_LIST,list_channels,messaging_mcp,"model-authored, scenario-based (supplementary)"
channel_list_007,Show me the team conversation channels I can browse.,CHANNEL_LIST,list_channels,messaging_mcp,"model-authored, scenario-based (supplementary)"
channel_history_006,Show the latest messages in #customer-support.,CHANNEL_HISTORY,get_channel_history,messaging_mcp,"model-authored, scenario-based (supplementary)"
channel_history_007,What has been posted to the release channel since this morning?,CHANNEL_HISTORY,get_channel_history,messaging_mcp,"model-authored, scenario-based (supplementary)"
git_status_006,"In this repository, which files are staged and which are modified but unstaged?",GIT_STATUS,get_git_status,git_mcp,"model-authored, scenario-based (supplementary)"
git_status_007,Check whether my checkout contains any uncommitted changes.,GIT_STATUS,get_git_status,git_mcp,"model-authored, scenario-based (supplementary)"
git_diff_006,Show the patch between my feature branch and main.,GIT_DIFF,get_git_diff,git_mcp,"model-authored, scenario-based (supplementary)"
git_diff_007,Which exact lines changed in the staged files?,GIT_DIFF,get_git_diff,git_mcp,"model-authored, scenario-based (supplementary)"
git_commit_history_006,List the latest five commits with their authors and messages.,GIT_COMMIT_HISTORY,get_commit_history,git_mcp,"model-authored, scenario-based (supplementary)"
git_commit_history_007,What was committed to this repository during the last week?,GIT_COMMIT_HISTORY,get_commit_history,git_mcp,"model-authored, scenario-based (supplementary)"
git_branch_list_006,Show the local and remote branches in this repository.,GIT_BRANCH_LIST,list_git_branches,git_mcp,"model-authored, scenario-based (supplementary)"
git_branch_list_007,Which branches can I switch to in this checkout?,GIT_BRANCH_LIST,list_git_branches,git_mcp,"model-authored, scenario-based (supplementary)"
git_create_branch_006,Create branch fix/session-timeout from main.,GIT_CREATE_BRANCH,create_git_branch,git_mcp,"model-authored, scenario-based (supplementary)"
git_create_branch_007,Start a new feature branch named feature/export from the current revision.,GIT_CREATE_BRANCH,create_git_branch,git_mcp,"model-authored, scenario-based (supplementary)"
git_commit_006,Record my staged changes with commit message 'Fix session timeout'.,GIT_COMMIT,create_git_commit,git_mcp,"model-authored, scenario-based (supplementary)"
git_commit_007,Commit the prepared patch in this repository as 'Add export endpoint'.,GIT_COMMIT,create_git_commit,git_mcp,"model-authored, scenario-based (supplementary)"
issue_search_006,Find open issues tagged accessibility in this project.,ISSUE_SEARCH,search_issues,issue_tracker_mcp,"model-authored, scenario-based (supplementary)"
issue_search_007,Search tickets for reports of password reset failure.,ISSUE_SEARCH,search_issues,issue_tracker_mcp,"model-authored, scenario-based (supplementary)"
issue_read_006,"Open issue 482 and show its description, comments, and status.",ISSUE_READ,read_issue,issue_tracker_mcp,"model-authored, scenario-based (supplementary)"
issue_read_007,What does the ticket assigned to me say about the export bug?,ISSUE_READ,read_issue,issue_tracker_mcp,"model-authored, scenario-based (supplementary)"
issue_create_006,File a new bug titled 'Export button freezes' with these reproduction steps.,ISSUE_CREATE,create_issue,issue_tracker_mcp,"model-authored, scenario-based (supplementary)"
issue_create_007,Create a development task for updating the onboarding checklist.,ISSUE_CREATE,create_issue,issue_tracker_mcp,"model-authored, scenario-based (supplementary)"
issue_update_006,Assign issue 482 to Alex and mark it in progress.,ISSUE_UPDATE,update_issue,issue_tracker_mcp,"model-authored, scenario-based (supplementary)"
issue_update_007,Close the resolved ticket and add the regression label.,ISSUE_UPDATE,update_issue,issue_tracker_mcp,"model-authored, scenario-based (supplementary)"
issue_comment_006,Post these reproduction steps as a comment on issue 482.,ISSUE_COMMENT,comment_on_issue,issue_tracker_mcp,"model-authored, scenario-based (supplementary)"
issue_comment_007,Add a note to the existing ticket saying the fix is deployed.,ISSUE_COMMENT,comment_on_issue,issue_tracker_mcp,"model-authored, scenario-based (supplementary)"
text_summarize_006,Condense the pasted meeting notes into three takeaways.,TEXT_SUMMARIZE,summarize_text,text_mcp,"model-authored, scenario-based (supplementary)"
text_summarize_007,Give me a one-paragraph synopsis of the following plain text.,TEXT_SUMMARIZE,summarize_text,text_mcp,"model-authored, scenario-based (supplementary)"
text_translate_006,Translate this customer message into English from Spanish.,TEXT_TRANSLATE,translate_text,text_mcp,"model-authored, scenario-based (supplementary)"
text_translate_007,Render the pasted announcement in French without changing its meaning.,TEXT_TRANSLATE,translate_text,text_mcp,"model-authored, scenario-based (supplementary)"
text_sentiment_006,"Does this feedback sound pleased, unhappy, or mixed?",TEXT_SENTIMENT,analyze_sentiment,text_mcp,"model-authored, scenario-based (supplementary)"
text_sentiment_007,Assess the emotional tone of the supplied product review.,TEXT_SENTIMENT,analyze_sentiment,text_mcp,"model-authored, scenario-based (supplementary)"
text_keywords_006,Which terms best capture the topic of this support transcript?,TEXT_KEYWORDS,extract_keywords,text_mcp,"model-authored, scenario-based (supplementary)"
text_keywords_007,Pull the important phrases out of the pasted article.,TEXT_KEYWORDS,extract_keywords,text_mcp,"model-authored, scenario-based (supplementary)"
text_entities_006,Identify every person and organization mentioned in this paragraph.,TEXT_ENTITIES,extract_entities,text_mcp,"model-authored, scenario-based (supplementary)"
text_entities_007,Extract the place names and dates from the press release text.,TEXT_ENTITIES,extract_entities,text_mcp,"model-authored, scenario-based (supplementary)"
text_rewrite_006,Make this email more professional while preserving what it says.,TEXT_REWRITE,rewrite_text,text_mcp,"model-authored, scenario-based (supplementary)"
text_rewrite_007,Rewrite this paragraph in plain language for nontechnical readers.,TEXT_REWRITE,rewrite_text,text_mcp,"model-authored, scenario-based (supplementary)"
text_classify_006,"Assign this support note to billing, access, or technical.",TEXT_CLASSIFY,classify_text,text_mcp,"model-authored, scenario-based (supplementary)"
text_classify_007,Choose which of these predefined categories fits the submitted text.,TEXT_CLASSIFY,classify_text,text_mcp,"model-authored, scenario-based (supplementary)"
calculator_006,Work out (18.75 × 24) + 6.,CALCULATOR,calculate_expression,math_mcp,"model-authored, scenario-based (supplementary)"
calculator_007,"Calculate 1,250 minus 375, then divide the result by seven.",CALCULATOR,calculate_expression,math_mcp,"model-authored, scenario-based (supplementary)"
statistics_describe_006,Describe the average and spread of these measurements.,STATISTICS_DESCRIBE,calculate_descriptive_statistics,math_mcp,"model-authored, scenario-based (supplementary)"
statistics_describe_007,"Report the median, variance, and range for the supplied values.",STATISTICS_DESCRIBE,calculate_descriptive_statistics,math_mcp,"model-authored, scenario-based (supplementary)"
percentage_change_006,"By what percentage did revenue grow from 80,000 to 94,000?",PERCENTAGE_CHANGE,calculate_percentage_change,math_mcp,"model-authored, scenario-based (supplementary)"
percentage_change_007,How large is the percent decrease when users fall from 250 to 190?,PERCENTAGE_CHANGE,calculate_percentage_change,math_mcp,"model-authored, scenario-based (supplementary)"
compound_interest_006,"What will 5,000 become after three years at 6% interest compounded monthly?",COMPOUND_INTEREST,calculate_compound_interest,math_mcp,"model-authored, scenario-based (supplementary)"
compound_interest_007,"Calculate the future value of 10,000 at 4% compounded annually for five years.",COMPOUND_INTEREST,calculate_compound_interest,math_mcp,"model-authored, scenario-based (supplementary)"
linear_equation_solve_006,Find y if 4(y − 2) = 28.,LINEAR_EQUATION_SOLVE,solve_linear_equation,math_mcp,"model-authored, scenario-based (supplementary)"
linear_equation_solve_007,Solve the system 2x + y = 9 and x − y = 3.,LINEAR_EQUATION_SOLVE,solve_linear_equation,math_mcp,"model-authored, scenario-based (supplementary)"
dataset_inspect_006,"Before cleaning this CSV, show its columns, types, and row count.",DATASET_INSPECT,inspect_dataset,data_analysis_mcp,"model-authored, scenario-based (supplementary)"
dataset_inspect_007,Preview a few records and tell me the table's dimensions.,DATASET_INSPECT,inspect_dataset,data_analysis_mcp,"model-authored, scenario-based (supplementary)"
dataset_filter_006,Keep only transactions over $100 that were recorded last quarter.,DATASET_FILTER,filter_dataset,data_analysis_mcp,"model-authored, scenario-based (supplementary)"
dataset_filter_007,Select records where region is west and status is active.,DATASET_FILTER,filter_dataset,data_analysis_mcp,"model-authored, scenario-based (supplementary)"
dataset_sort_006,Order these customers by signup date with the newest first.,DATASET_SORT,sort_dataset,data_analysis_mcp,"model-authored, scenario-based (supplementary)"
dataset_sort_007,"Sort the table by price ascending, breaking ties by item name.",DATASET_SORT,sort_dataset,data_analysis_mcp,"model-authored, scenario-based (supplementary)"
dataset_group_006,Total revenue for each product category in this dataset.,DATASET_GROUP,group_dataset,data_analysis_mcp,"model-authored, scenario-based (supplementary)"
dataset_group_007,Group the rows by country and count the records in each group.,DATASET_GROUP,group_dataset,data_analysis_mcp,"model-authored, scenario-based (supplementary)"
dataset_column_create_006,Add a total field computed as quantity times unit price.,DATASET_COLUMN_CREATE,create_calculated_column,data_analysis_mcp,"model-authored, scenario-based (supplementary)"
dataset_column_create_007,Create net_amount by subtracting discount from gross_amount on each row.,DATASET_COLUMN_CREATE,create_calculated_column,data_analysis_mcp,"model-authored, scenario-based (supplementary)"
dataset_missing_values_006,How many missing values does each column of this table contain?,DATASET_MISSING_VALUES,analyze_missing_values,data_analysis_mcp,"model-authored, scenario-based (supplementary)"
dataset_missing_values_007,Summarize which records lack an email address in this dataset.,DATASET_MISSING_VALUES,analyze_missing_values,data_analysis_mcp,"model-authored, scenario-based (supplementary)"
json_parse_006,Decode this serialized JSON and show the resulting object.,JSON_PARSE,parse_json,json_mcp,"model-authored, scenario-based (supplementary)"
json_parse_007,Try to parse the payload and tell me where its JSON syntax fails.,JSON_PARSE,parse_json,json_mcp,"model-authored, scenario-based (supplementary)"
json_query_006,Get customer.address.city from this JSON object.,JSON_QUERY,query_json,json_mcp,"model-authored, scenario-based (supplementary)"
json_query_007,Read the item names under orders[*].items[*] in the supplied payload.,JSON_QUERY,query_json,json_mcp,"model-authored, scenario-based (supplementary)"
json_validate_006,Check whether this API payload satisfies the provided JSON Schema.,JSON_VALIDATE,validate_json_schema,json_mcp,"model-authored, scenario-based (supplementary)"
json_validate_007,Which fields violate the required properties or types in this schema?,JSON_VALIDATE,validate_json_schema,json_mcp,"model-authored, scenario-based (supplementary)"
json_transform_006,Rename userName to username in every JSON record.,JSON_TRANSFORM,transform_json,json_mcp,"model-authored, scenario-based (supplementary)"
json_transform_007,Reshape this payload so its address fields sit under a nested address key.,JSON_TRANSFORM,transform_json,json_mcp,"model-authored, scenario-based (supplementary)"
json_compare_006,"Show what keys were added, removed, or changed between these JSON objects.",JSON_COMPARE,compare_json,json_mcp,"model-authored, scenario-based (supplementary)"
json_compare_007,Compare the before and after API responses field by field.,JSON_COMPARE,compare_json,json_mcp,"model-authored, scenario-based (supplementary)"
system_info_006,"Identify this host's OS release, CPU architecture, and hostname.",SYSTEM_INFO,get_system_info,system_mcp,"model-authored, scenario-based (supplementary)"
system_info_007,What platform and processor is the runtime using?,SYSTEM_INFO,get_system_info,system_mcp,"model-authored, scenario-based (supplementary)"
disk_usage_006,How much free and used storage is on the root volume?,DISK_USAGE,get_disk_usage,system_mcp,"model-authored, scenario-based (supplementary)"
disk_usage_007,Report the total capacity and remaining space under /data.,DISK_USAGE,get_disk_usage,system_mcp,"model-authored, scenario-based (supplementary)"
memory_usage_006,"Check the machine's total, occupied, and available RAM.",MEMORY_USAGE,get_memory_usage,system_mcp,"model-authored, scenario-based (supplementary)"
memory_usage_007,How much physical memory remains for another worker process?,MEMORY_USAGE,get_memory_usage,system_mcp,"model-authored, scenario-based (supplementary)"
process_list_006,List the processes currently running on this system.,PROCESS_LIST,list_processes,system_mcp,"model-authored, scenario-based (supplementary)"
process_list_007,Which programs have active process IDs right now?,PROCESS_LIST,list_processes,system_mcp,"model-authored, scenario-based (supplementary)"
environment_read_006,Read the value of the allowed APP_ENV environment setting.,ENVIRONMENT_READ,read_environment_variable,system_mcp,"model-authored, scenario-based (supplementary)"
environment_read_007,What does the current process have configured for LOG_LEVEL?,ENVIRONMENT_READ,read_environment_variable,system_mcp,"model-authored, scenario-based (supplementary)"
geocode_006,Find map coordinates for the Eiffel Tower in Paris.,GEOCODE,geocode_location,geo_mcp,"model-authored, scenario-based (supplementary)"
geocode_007,Where on the map is 1600 Amphitheatre Parkway? Give coordinates.,GEOCODE,geocode_location,geo_mcp,"model-authored, scenario-based (supplementary)"
reverse_geocode_006,"Resolve coordinates 40.7484, −73.9857 to a nearby address.",REVERSE_GEOCODE,reverse_geocode,geo_mcp,"model-authored, scenario-based (supplementary)"
reverse_geocode_007,"At this GPS point, what nearby street address would I see?",REVERSE_GEOCODE,reverse_geocode,geo_mcp,"model-authored, scenario-based (supplementary)"
geo_distance_006,Estimate the distance in kilometres from Paris to Lyon.,GEO_DISTANCE,calculate_geographic_distance,geo_mcp,"model-authored, scenario-based (supplementary)"
geo_distance_007,Calculate the straight-line separation between the two GPS points.,GEO_DISTANCE,calculate_geographic_distance,geo_mcp,"model-authored, scenario-based (supplementary)"
timezone_lookup_006,Which time zone applies to the Tokyo office's location?,TIMEZONE_LOOKUP,lookup_timezone,geo_mcp,"model-authored, scenario-based (supplementary)"
timezone_lookup_007,Look up the local time zone for these geographic coordinates.,TIMEZONE_LOOKUP,lookup_timezone,geo_mcp,"model-authored, scenario-based (supplementary)"
country_lookup_006,Tell me Kenya's capital and its geographic region.,COUNTRY_LOOKUP,lookup_country_information,geo_mcp,"model-authored, scenario-based (supplementary)"
country_lookup_007,"Give basic country facts for Portugal, including its currency.",COUNTRY_LOOKUP,lookup_country_information,geo_mcp,"model-authored, scenario-based (supplementary)"
image_metadata_006,"Inspect the width, height, format, and file size of cover.webp.",IMAGE_METADATA,get_image_metadata,media_mcp,"model-authored, scenario-based (supplementary)"
image_metadata_007,What metadata is stored with the uploaded photograph?,IMAGE_METADATA,get_image_metadata,media_mcp,"model-authored, scenario-based (supplementary)"
image_resize_006,Resize banner.png to 1200 by 300 pixels.,IMAGE_RESIZE,resize_image,media_mcp,"model-authored, scenario-based (supplementary)"
image_resize_007,Make the uploaded photo 640 pixels wide and 480 pixels tall.,IMAGE_RESIZE,resize_image,media_mcp,"model-authored, scenario-based (supplementary)"
image_crop_006,"Keep the rectangle starting at x=40, y=30 with width=400 and height=250.",IMAGE_CROP,crop_image,media_mcp,"model-authored, scenario-based (supplementary)"
image_crop_007,Crop this image to the specified 200-by-200 region at its top left.,IMAGE_CROP,crop_image,media_mcp,"model-authored, scenario-based (supplementary)"
image_format_convert_006,Save the attached logo as JPEG instead of PNG.,IMAGE_FORMAT_CONVERT,convert_image_format,media_mcp,"model-authored, scenario-based (supplementary)"
image_format_convert_007,Convert portrait.tiff to WebP format.,IMAGE_FORMAT_CONVERT,convert_image_format,media_mcp,"model-authored, scenario-based (supplementary)"
image_describe_006,Describe the objects and layout visible in this photo.,IMAGE_DESCRIBE,describe_image,media_mcp,"model-authored, scenario-based (supplementary)"
image_describe_007,What scene does the uploaded image depict?,IMAGE_DESCRIBE,describe_image,media_mcp,"model-authored, scenario-based (supplementary)"
date_difference_006,How long is the interval from 1 March to 15 April 2026?,DATE_DIFFERENCE,calculate_date_difference,utility_mcp,"model-authored, scenario-based (supplementary)"
date_difference_007,How many hours passed from the server start timestamp to shutdown?,DATE_DIFFERENCE,calculate_date_difference,utility_mcp,"model-authored, scenario-based (supplementary)"
date_add_006,What date falls six weeks after 10 February 2026?,DATE_ADD,add_date_duration,utility_mcp,"model-authored, scenario-based (supplementary)"
date_add_007,Advance the invoice date by 90 days to get its due date.,DATE_ADD,add_date_duration,utility_mcp,"model-authored, scenario-based (supplementary)"
uuid_generate_006,Give this new record a randomly generated UUID.,UUID_GENERATE,generate_uuid,utility_mcp,"model-authored, scenario-based (supplementary)"
uuid_generate_007,Create a fresh version-4 universally unique identifier.,UUID_GENERATE,generate_uuid,utility_mcp,"model-authored, scenario-based (supplementary)"
hash_text_006,Fingerprint this message using SHA-256.,HASH_TEXT,hash_text,utility_mcp,"model-authored, scenario-based (supplementary)"
hash_text_007,Calculate a SHA-1 digest for the supplied string.,HASH_TEXT,hash_text,utility_mcp,"model-authored, scenario-based (supplementary)"
base64_encode_006,Represent these UTF-8 bytes as Base64 characters.,BASE64_ENCODE,encode_base64,utility_mcp,"model-authored, scenario-based (supplementary)"
base64_encode_007,Encode the supplied token for transport in Base64 form.,BASE64_ENCODE,encode_base64,utility_mcp,"model-authored, scenario-based (supplementary)"
base64_decode_006,Recover the original text represented by SGVsbG8=.,BASE64_DECODE,decode_base64,utility_mcp,"model-authored, scenario-based (supplementary)"
base64_decode_007,Turn this Base64 payload back into its raw bytes.,BASE64_DECODE,decode_base64,utility_mcp,"model-authored, scenario-based (supplementary)"
