operation_id,tool_id,parameter_name,parameter_type,required,description,enum_json,items_json,parameter_schema_json
FILE_READ,read_file,path,string,true,,,,"{""type"":""string"",""required"":true}"
FILE_WRITE,write_file,path,string,true,,,,"{""type"":""string"",""required"":true}"
FILE_WRITE,write_file,content,string,true,,,,"{""type"":""string"",""required"":true}"
FILE_APPEND,append_file,path,string,true,,,,"{""type"":""string"",""required"":true}"
FILE_APPEND,append_file,content,string,true,,,,"{""type"":""string"",""required"":true}"
FILE_COPY,copy_file,source_path,string,true,,,,"{""type"":""string"",""required"":true}"
FILE_COPY,copy_file,destination_path,string,true,,,,"{""type"":""string"",""required"":true}"
FILE_MOVE,move_file,source_path,string,true,,,,"{""type"":""string"",""required"":true}"
FILE_MOVE,move_file,destination_path,string,true,,,,"{""type"":""string"",""required"":true}"
FILE_DELETE,delete_file,path,string,true,,,,"{""type"":""string"",""required"":true}"
DIRECTORY_LIST,list_directory,path,string,true,,,,"{""type"":""string"",""required"":true}"
FILE_METADATA,get_file_metadata,path,string,true,,,,"{""type"":""string"",""required"":true}"
PDF_TEXT_EXTRACT,extract_pdf_text,path,string,true,,,,"{""type"":""string"",""required"":true}"
DOCX_TEXT_EXTRACT,extract_docx_text,path,string,true,,,,"{""type"":""string"",""required"":true}"
DOCUMENT_SUMMARIZE,summarize_document,document,string,true,,,,"{""type"":""string"",""required"":true}"
DOCUMENT_SEARCH,search_document,document,string,true,,,,"{""type"":""string"",""required"":true}"
DOCUMENT_SEARCH,search_document,query,string,true,,,,"{""type"":""string"",""required"":true}"
DOCUMENT_SECTION_EXTRACT,extract_document_section,document,string,true,,,,"{""type"":""string"",""required"":true}"
DOCUMENT_SECTION_EXTRACT,extract_document_section,section,string,true,,,,"{""type"":""string"",""required"":true}"
SQL_QUERY,execute_sql_query,query,string,true,,,,"{""type"":""string"",""required"":true}"
DATABASE_INSERT,insert_database_record,table,string,true,,,,"{""type"":""string"",""required"":true}"
DATABASE_INSERT,insert_database_record,data,object,true,,,,"{""type"":""object"",""required"":true}"
DATABASE_UPDATE,update_database_record,table,string,true,,,,"{""type"":""string"",""required"":true}"
DATABASE_UPDATE,update_database_record,conditions,object,true,,,,"{""type"":""object"",""required"":true}"
DATABASE_UPDATE,update_database_record,data,object,true,,,,"{""type"":""object"",""required"":true}"
DATABASE_DELETE,delete_database_record,table,string,true,,,,"{""type"":""string"",""required"":true}"
DATABASE_DELETE,delete_database_record,conditions,object,true,,,,"{""type"":""object"",""required"":true}"
DATABASE_AGGREGATE,aggregate_database_data,table,string,true,,,,"{""type"":""string"",""required"":true}"
DATABASE_AGGREGATE,aggregate_database_data,aggregation,string,true,,,,"{""type"":""string"",""required"":true}"
DATABASE_AGGREGATE,aggregate_database_data,group_by,string,false,,,,"{""type"":""string"",""required"":false}"
WEB_FETCH,fetch_web_page,url,string,true,,,,"{""type"":""string"",""required"":true}"
WEB_TEXT_EXTRACT,extract_web_text,url,string,true,,,,"{""type"":""string"",""required"":true}"
WEB_LINK_EXTRACT,extract_web_links,url,string,true,,,,"{""type"":""string"",""required"":true}"
WEB_METADATA,extract_web_metadata,url,string,true,,,,"{""type"":""string"",""required"":true}"
WEB_STRUCTURED_EXTRACT,extract_structured_web_data,url,string,true,,,,"{""type"":""string"",""required"":true}"
WEB_STRUCTURED_EXTRACT,extract_structured_web_data,fields,array,true,,,,"{""type"":""array"",""required"":true}"
WEB_SEARCH,search_web,query,string,true,,,,"{""type"":""string"",""required"":true}"
PAPER_SEARCH,search_research_papers,query,string,true,,,,"{""type"":""string"",""required"":true}"
PAPER_METADATA,get_paper_metadata,paper_id,string,true,,,,"{""type"":""string"",""required"":true}"
PAPER_CITATIONS,get_paper_citations,paper_id,string,true,,,,"{""type"":""string"",""required"":true}"
PAPER_SUMMARIZE,summarize_research_paper,paper,string,true,,,,"{""type"":""string"",""required"":true}"
PAPER_COMPARE,compare_research_papers,papers,array,true,,,,"{""type"":""array"",""required"":true}"
EMAIL_SEND,send_email,to,array,true,,,,"{""type"":""array"",""required"":true}"
EMAIL_SEND,send_email,subject,string,true,,,,"{""type"":""string"",""required"":true}"
EMAIL_SEND,send_email,body,string,true,,,,"{""type"":""string"",""required"":true}"
EMAIL_SEARCH,search_email,query,string,true,,,,"{""type"":""string"",""required"":true}"
EMAIL_READ,read_email,message_id,string,true,,,,"{""type"":""string"",""required"":true}"
EMAIL_REPLY,reply_email,message_id,string,true,,,,"{""type"":""string"",""required"":true}"
EMAIL_REPLY,reply_email,body,string,true,,,,"{""type"":""string"",""required"":true}"
EMAIL_DRAFT,create_email_draft,to,array,true,,,,"{""type"":""array"",""required"":true}"
EMAIL_DRAFT,create_email_draft,subject,string,true,,,,"{""type"":""string"",""required"":true}"
EMAIL_DRAFT,create_email_draft,body,string,true,,,,"{""type"":""string"",""required"":true}"
EMAIL_ARCHIVE,archive_email,message_id,string,true,,,,"{""type"":""string"",""required"":true}"
CALENDAR_CREATE,create_calendar_event,title,string,true,,,,"{""type"":""string"",""required"":true}"
CALENDAR_CREATE,create_calendar_event,start_time,string,true,,,,"{""type"":""string"",""required"":true}"
CALENDAR_CREATE,create_calendar_event,end_time,string,true,,,,"{""type"":""string"",""required"":true}"
CALENDAR_SEARCH,search_calendar_events,query,string,false,,,,"{""type"":""string"",""required"":false}"
CALENDAR_SEARCH,search_calendar_events,start_time,string,false,,,,"{""type"":""string"",""required"":false}"
CALENDAR_SEARCH,search_calendar_events,end_time,string,false,,,,"{""type"":""string"",""required"":false}"
CALENDAR_UPDATE,update_calendar_event,event_id,string,true,,,,"{""type"":""string"",""required"":true}"
CALENDAR_UPDATE,update_calendar_event,updates,object,true,,,,"{""type"":""object"",""required"":true}"
CALENDAR_DELETE,delete_calendar_event,event_id,string,true,,,,"{""type"":""string"",""required"":true}"
CALENDAR_AVAILABILITY,check_calendar_availability,start_time,string,true,,,,"{""type"":""string"",""required"":true}"
CALENDAR_AVAILABILITY,check_calendar_availability,end_time,string,true,,,,"{""type"":""string"",""required"":true}"
MESSAGE_SEND,send_channel_message,channel,string,true,,,,"{""type"":""string"",""required"":true}"
MESSAGE_SEND,send_channel_message,message,string,true,,,,"{""type"":""string"",""required"":true}"
MESSAGE_SEARCH,search_messages,query,string,true,,,,"{""type"":""string"",""required"":true}"
MESSAGE_THREAD_REPLY,reply_to_thread,thread_id,string,true,,,,"{""type"":""string"",""required"":true}"
MESSAGE_THREAD_REPLY,reply_to_thread,message,string,true,,,,"{""type"":""string"",""required"":true}"
CHANNEL_HISTORY,get_channel_history,channel,string,true,,,,"{""type"":""string"",""required"":true}"
GIT_STATUS,get_git_status,repo_path,string,true,,,,"{""type"":""string"",""required"":true}"
GIT_DIFF,get_git_diff,repo_path,string,true,,,,"{""type"":""string"",""required"":true}"
GIT_DIFF,get_git_diff,base,string,false,,,,"{""type"":""string"",""required"":false}"
GIT_DIFF,get_git_diff,target,string,false,,,,"{""type"":""string"",""required"":false}"
GIT_COMMIT_HISTORY,get_commit_history,repo_path,string,true,,,,"{""type"":""string"",""required"":true}"
GIT_COMMIT_HISTORY,get_commit_history,limit,integer,false,,,,"{""type"":""integer"",""required"":false}"
GIT_BRANCH_LIST,list_git_branches,repo_path,string,true,,,,"{""type"":""string"",""required"":true}"
GIT_CREATE_BRANCH,create_git_branch,repo_path,string,true,,,,"{""type"":""string"",""required"":true}"
GIT_CREATE_BRANCH,create_git_branch,branch_name,string,true,,,,"{""type"":""string"",""required"":true}"
GIT_CREATE_BRANCH,create_git_branch,base,string,false,,,,"{""type"":""string"",""required"":false}"
GIT_COMMIT,create_git_commit,repo_path,string,true,,,,"{""type"":""string"",""required"":true}"
GIT_COMMIT,create_git_commit,message,string,true,,,,"{""type"":""string"",""required"":true}"
ISSUE_SEARCH,search_issues,query,string,true,,,,"{""type"":""string"",""required"":true}"
ISSUE_READ,read_issue,issue_id,string,true,,,,"{""type"":""string"",""required"":true}"
ISSUE_CREATE,create_issue,title,string,true,,,,"{""type"":""string"",""required"":true}"
ISSUE_CREATE,create_issue,body,string,true,,,,"{""type"":""string"",""required"":true}"
ISSUE_UPDATE,update_issue,issue_id,string,true,,,,"{""type"":""string"",""required"":true}"
ISSUE_UPDATE,update_issue,updates,object,true,,,,"{""type"":""object"",""required"":true}"
ISSUE_COMMENT,comment_on_issue,issue_id,string,true,,,,"{""type"":""string"",""required"":true}"
ISSUE_COMMENT,comment_on_issue,comment,string,true,,,,"{""type"":""string"",""required"":true}"
TEXT_SUMMARIZE,summarize_text,text,string,true,,,,"{""type"":""string"",""required"":true}"
TEXT_TRANSLATE,translate_text,text,string,true,,,,"{""type"":""string"",""required"":true}"
TEXT_TRANSLATE,translate_text,target_language,string,true,,,,"{""type"":""string"",""required"":true}"
TEXT_SENTIMENT,analyze_sentiment,text,string,true,,,,"{""type"":""string"",""required"":true}"
TEXT_KEYWORDS,extract_keywords,text,string,true,,,,"{""type"":""string"",""required"":true}"
TEXT_ENTITIES,extract_entities,text,string,true,,,,"{""type"":""string"",""required"":true}"
TEXT_REWRITE,rewrite_text,text,string,true,,,,"{""type"":""string"",""required"":true}"
TEXT_REWRITE,rewrite_text,instruction,string,true,,,,"{""type"":""string"",""required"":true}"
TEXT_CLASSIFY,classify_text,text,string,true,,,,"{""type"":""string"",""required"":true}"
TEXT_CLASSIFY,classify_text,categories,array,true,,,,"{""type"":""array"",""required"":true}"
CALCULATOR,calculate_expression,expression,string,true,,,,"{""type"":""string"",""required"":true}"
STATISTICS_DESCRIBE,calculate_descriptive_statistics,values,array,true,,,,"{""type"":""array"",""required"":true}"
PERCENTAGE_CHANGE,calculate_percentage_change,old_value,number,true,,,,"{""type"":""number"",""required"":true}"
PERCENTAGE_CHANGE,calculate_percentage_change,new_value,number,true,,,,"{""type"":""number"",""required"":true}"
COMPOUND_INTEREST,calculate_compound_interest,principal,number,true,,,,"{""type"":""number"",""required"":true}"
COMPOUND_INTEREST,calculate_compound_interest,annual_rate,number,true,,,,"{""type"":""number"",""required"":true}"
COMPOUND_INTEREST,calculate_compound_interest,years,number,true,,,,"{""type"":""number"",""required"":true}"
COMPOUND_INTEREST,calculate_compound_interest,compounds_per_year,integer,false,,,,"{""type"":""integer"",""required"":false}"
LINEAR_EQUATION_SOLVE,solve_linear_equation,equation,string,true,,,,"{""type"":""string"",""required"":true}"
DATASET_INSPECT,inspect_dataset,dataset,string,true,,,,"{""type"":""string"",""required"":true}"
DATASET_FILTER,filter_dataset,dataset,string,true,,,,"{""type"":""string"",""required"":true}"
DATASET_FILTER,filter_dataset,condition,string,true,,,,"{""type"":""string"",""required"":true}"
DATASET_SORT,sort_dataset,dataset,string,true,,,,"{""type"":""string"",""required"":true}"
DATASET_SORT,sort_dataset,columns,array,true,,,,"{""type"":""array"",""required"":true}"
DATASET_GROUP,group_dataset,dataset,string,true,,,,"{""type"":""string"",""required"":true}"
DATASET_GROUP,group_dataset,group_by,array,true,,,,"{""type"":""array"",""required"":true}"
DATASET_GROUP,group_dataset,aggregations,object,true,,,,"{""type"":""object"",""required"":true}"
DATASET_COLUMN_CREATE,create_calculated_column,dataset,string,true,,,,"{""type"":""string"",""required"":true}"
DATASET_COLUMN_CREATE,create_calculated_column,column_name,string,true,,,,"{""type"":""string"",""required"":true}"
DATASET_COLUMN_CREATE,create_calculated_column,expression,string,true,,,,"{""type"":""string"",""required"":true}"
DATASET_MISSING_VALUES,analyze_missing_values,dataset,string,true,,,,"{""type"":""string"",""required"":true}"
JSON_PARSE,parse_json,json,string,true,,,,"{""type"":""string"",""required"":true}"
JSON_QUERY,query_json,data,object,true,,,,"{""type"":""object"",""required"":true}"
JSON_QUERY,query_json,path,string,true,,,,"{""type"":""string"",""required"":true}"
JSON_VALIDATE,validate_json_schema,data,object,true,,,,"{""type"":""object"",""required"":true}"
JSON_VALIDATE,validate_json_schema,schema,object,true,,,,"{""type"":""object"",""required"":true}"
JSON_TRANSFORM,transform_json,data,object,true,,,,"{""type"":""object"",""required"":true}"
JSON_TRANSFORM,transform_json,transformation,object,true,,,,"{""type"":""object"",""required"":true}"
JSON_COMPARE,compare_json,left,object,true,,,,"{""type"":""object"",""required"":true}"
JSON_COMPARE,compare_json,right,object,true,,,,"{""type"":""object"",""required"":true}"
DISK_USAGE,get_disk_usage,path,string,false,,,,"{""type"":""string"",""required"":false}"
ENVIRONMENT_READ,read_environment_variable,name,string,true,,,,"{""type"":""string"",""required"":true}"
GEOCODE,geocode_location,location,string,true,,,,"{""type"":""string"",""required"":true}"
REVERSE_GEOCODE,reverse_geocode,latitude,number,true,,,,"{""type"":""number"",""required"":true}"
REVERSE_GEOCODE,reverse_geocode,longitude,number,true,,,,"{""type"":""number"",""required"":true}"
GEO_DISTANCE,calculate_geographic_distance,origin,string,true,,,,"{""type"":""string"",""required"":true}"
GEO_DISTANCE,calculate_geographic_distance,destination,string,true,,,,"{""type"":""string"",""required"":true}"
TIMEZONE_LOOKUP,lookup_timezone,location,string,true,,,,"{""type"":""string"",""required"":true}"
COUNTRY_LOOKUP,lookup_country_information,country,string,true,,,,"{""type"":""string"",""required"":true}"
IMAGE_METADATA,get_image_metadata,path,string,true,,,,"{""type"":""string"",""required"":true}"
IMAGE_RESIZE,resize_image,path,string,true,,,,"{""type"":""string"",""required"":true}"
IMAGE_RESIZE,resize_image,width,integer,true,,,,"{""type"":""integer"",""required"":true}"
IMAGE_RESIZE,resize_image,height,integer,true,,,,"{""type"":""integer"",""required"":true}"
IMAGE_CROP,crop_image,path,string,true,,,,"{""type"":""string"",""required"":true}"
IMAGE_CROP,crop_image,x,integer,true,,,,"{""type"":""integer"",""required"":true}"
IMAGE_CROP,crop_image,y,integer,true,,,,"{""type"":""integer"",""required"":true}"
IMAGE_CROP,crop_image,width,integer,true,,,,"{""type"":""integer"",""required"":true}"
IMAGE_CROP,crop_image,height,integer,true,,,,"{""type"":""integer"",""required"":true}"
IMAGE_FORMAT_CONVERT,convert_image_format,path,string,true,,,,"{""type"":""string"",""required"":true}"
IMAGE_FORMAT_CONVERT,convert_image_format,format,string,true,,,,"{""type"":""string"",""required"":true}"
IMAGE_DESCRIBE,describe_image,path,string,true,,,,"{""type"":""string"",""required"":true}"
DATE_DIFFERENCE,calculate_date_difference,start,string,true,,,,"{""type"":""string"",""required"":true}"
DATE_DIFFERENCE,calculate_date_difference,end,string,true,,,,"{""type"":""string"",""required"":true}"
DATE_ADD,add_date_duration,date,string,true,,,,"{""type"":""string"",""required"":true}"
DATE_ADD,add_date_duration,amount,integer,true,,,,"{""type"":""integer"",""required"":true}"
DATE_ADD,add_date_duration,unit,string,true,,,,"{""type"":""string"",""required"":true}"
HASH_TEXT,hash_text,text,string,true,,,,"{""type"":""string"",""required"":true}"
HASH_TEXT,hash_text,algorithm,string,true,,,,"{""type"":""string"",""required"":true}"
BASE64_ENCODE,encode_base64,data,string,true,,,,"{""type"":""string"",""required"":true}"
BASE64_DECODE,decode_base64,data,string,true,,,,"{""type"":""string"",""required"":true}"
