registry_position,operation_id,tool_id,tool_name,server_id,taxonomy_class,taxonomy_type,description,positive_example_count,negative_example_count,parameter_count,required_parameter_count,required_parameters_json,input_schema_json
1,FILE_READ,read_file,Read File,filesystem_mcp,data,filesystem,"Read and return the contents of an existing file from a provided filesystem path. Use when the user wants to open, inspect, view, retrieve, or read file contents.",5,3,1,1,"[""path""]","{""path"":{""type"":""string"",""required"":true}}"
2,FILE_WRITE,write_file,Write File,filesystem_mcp,data,filesystem,"Write supplied content to a file, creating the file if necessary or replacing its current contents.",3,3,2,2,"[""path"",""content""]","{""path"":{""type"":""string"",""required"":true},""content"":{""type"":""string"",""required"":true}}"
3,FILE_APPEND,append_file,Append File,filesystem_mcp,data,filesystem,Add new content to the end of an existing file without replacing its current contents.,3,3,2,2,"[""path"",""content""]","{""path"":{""type"":""string"",""required"":true},""content"":{""type"":""string"",""required"":true}}"
4,FILE_COPY,copy_file,Copy File,filesystem_mcp,data,filesystem,Duplicate an existing file from one filesystem location to another while preserving the original.,3,3,2,2,"[""source_path"",""destination_path""]","{""source_path"":{""type"":""string"",""required"":true},""destination_path"":{""type"":""string"",""required"":true}}"
5,FILE_MOVE,move_file,Move File,filesystem_mcp,data,filesystem,Move or rename an existing file from one filesystem location to another.,3,3,2,2,"[""source_path"",""destination_path""]","{""source_path"":{""type"":""string"",""required"":true},""destination_path"":{""type"":""string"",""required"":true}}"
6,FILE_DELETE,delete_file,Delete File,filesystem_mcp,data,filesystem,Delete an existing file from the filesystem.,3,3,1,1,"[""path""]","{""path"":{""type"":""string"",""required"":true}}"
7,DIRECTORY_LIST,list_directory,List Directory,filesystem_mcp,data,filesystem,Return the files and subdirectories contained within a specified directory.,3,3,1,1,"[""path""]","{""path"":{""type"":""string"",""required"":true}}"
8,FILE_METADATA,get_file_metadata,Get File Metadata,filesystem_mcp,data,filesystem,"Retrieve metadata for a file including size, timestamps, extension, and path information.",3,3,1,1,"[""path""]","{""path"":{""type"":""string"",""required"":true}}"
9,PDF_TEXT_EXTRACT,extract_pdf_text,Extract PDF Text,document_mcp,documents,pdf,Extract readable textual content from a PDF document while preserving basic page ordering.,3,3,1,1,"[""path""]","{""path"":{""type"":""string"",""required"":true}}"
10,DOCX_TEXT_EXTRACT,extract_docx_text,Extract DOCX Text,document_mcp,documents,docx,Extract paragraphs and textual content from a Microsoft Word DOCX document.,2,3,1,1,"[""path""]","{""path"":{""type"":""string"",""required"":true}}"
11,DOCUMENT_SUMMARIZE,summarize_document,Summarize Document,document_mcp,documents,analysis,"Produce a concise summary of a supplied document while preserving its major arguments, findings, and conclusions.",3,3,1,1,"[""document""]","{""document"":{""type"":""string"",""required"":true}}"
12,DOCUMENT_SEARCH,search_document,Search Document,document_mcp,documents,retrieval,Search within the contents of a document for passages relevant to a natural-language query.,3,3,2,2,"[""document"",""query""]","{""document"":{""type"":""string"",""required"":true},""query"":{""type"":""string"",""required"":true}}"
13,DOCUMENT_SECTION_EXTRACT,extract_document_section,Extract Document Section,document_mcp,documents,retrieval,"Retrieve a particular heading, section, chapter, or named portion of a document.",3,3,2,2,"[""document"",""section""]","{""document"":{""type"":""string"",""required"":true},""section"":{""type"":""string"",""required"":true}}"
14,SQL_QUERY,execute_sql_query,Execute SQL Query,database_mcp,data,database,Execute a read-only SQL query against a relational database and return matching rows.,3,3,1,1,"[""query""]","{""query"":{""type"":""string"",""required"":true}}"
15,DATABASE_SCHEMA_INSPECT,inspect_database_schema,Inspect Database Schema,database_mcp,data,database,"Return information about database tables, columns, types, keys, and relationships.",3,3,0,0,[],{}
16,DATABASE_INSERT,insert_database_record,Insert Database Record,database_mcp,data,database,Insert a new record into a database table.,3,3,2,2,"[""table"",""data""]","{""table"":{""type"":""string"",""required"":true},""data"":{""type"":""object"",""required"":true}}"
17,DATABASE_UPDATE,update_database_record,Update Database Record,database_mcp,data,database,Modify existing records in a database based on supplied conditions.,3,3,3,3,"[""table"",""conditions"",""data""]","{""table"":{""type"":""string"",""required"":true},""conditions"":{""type"":""object"",""required"":true},""data"":{""type"":""object"",""required"":true}}"
18,DATABASE_DELETE,delete_database_record,Delete Database Record,database_mcp,data,database,Remove records from a database table that match supplied conditions.,3,3,2,2,"[""table"",""conditions""]","{""table"":{""type"":""string"",""required"":true},""conditions"":{""type"":""object"",""required"":true}}"
19,DATABASE_AGGREGATE,aggregate_database_data,Aggregate Database Data,database_mcp,data,database,"Compute grouped database statistics such as counts, sums, averages, minima, and maxima.",3,3,3,2,"[""table"",""aggregation""]","{""table"":{""type"":""string"",""required"":true},""aggregation"":{""type"":""string"",""required"":true},""group_by"":{""type"":""string"",""required"":false}}"
20,WEB_FETCH,fetch_web_page,Fetch Web Page,web_mcp,web,retrieval,Retrieve the raw or rendered content of a web page from a supplied URL.,3,3,1,1,"[""url""]","{""url"":{""type"":""string"",""required"":true}}"
21,WEB_TEXT_EXTRACT,extract_web_text,Extract Web Text,web_mcp,web,extraction,Extract the main readable textual content from a web page while removing layout and navigation noise.,3,3,1,1,"[""url""]","{""url"":{""type"":""string"",""required"":true}}"
22,WEB_LINK_EXTRACT,extract_web_links,Extract Web Links,web_mcp,web,extraction,Extract hyperlinks and associated anchor text from a web page.,3,3,1,1,"[""url""]","{""url"":{""type"":""string"",""required"":true}}"
23,WEB_METADATA,extract_web_metadata,Extract Web Metadata,web_mcp,web,metadata,"Retrieve page metadata such as title, description, canonical URL, headers, and publication information.",3,3,1,1,"[""url""]","{""url"":{""type"":""string"",""required"":true}}"
24,WEB_STRUCTURED_EXTRACT,extract_structured_web_data,Extract Structured Web Data,web_mcp,web,extraction,"Extract specified structured fields such as product names, prices, dates, entities, or table rows from a webpage.",3,3,2,2,"[""url"",""fields""]","{""url"":{""type"":""string"",""required"":true},""fields"":{""type"":""array"",""required"":true}}"
25,WEB_SEARCH,search_web,Search Web,web_mcp,web,search,Search an indexed synthetic web corpus using a natural-language query and return ranked web results.,3,3,1,1,"[""query""]","{""query"":{""type"":""string"",""required"":true}}"
26,PAPER_SEARCH,search_research_papers,Search Research Papers,research_mcp,research,academic,Find research papers relevant to a scientific or technical natural-language query.,3,3,1,1,"[""query""]","{""query"":{""type"":""string"",""required"":true}}"
27,PAPER_METADATA,get_paper_metadata,Get Paper Metadata,research_mcp,research,academic,"Retrieve metadata for a research paper including title, authors, year, venue, abstract, and identifier.",3,3,1,1,"[""paper_id""]","{""paper_id"":{""type"":""string"",""required"":true}}"
28,PAPER_CITATIONS,get_paper_citations,Get Paper Citations,research_mcp,research,academic,Retrieve research papers cited by or citing a selected paper.,3,3,1,1,"[""paper_id""]","{""paper_id"":{""type"":""string"",""required"":true}}"
29,PAPER_SUMMARIZE,summarize_research_paper,Summarize Research Paper,research_mcp,research,analysis,"Summarize the objective, methodology, experiments, results, and limitations of a research paper.",3,3,1,1,"[""paper""]","{""paper"":{""type"":""string"",""required"":true}}"
30,PAPER_COMPARE,compare_research_papers,Compare Research Papers,research_mcp,research,analysis,"Compare multiple research papers based on methods, claims, datasets, experiments, results, or conclusions.",3,3,1,1,"[""papers""]","{""papers"":{""type"":""array"",""required"":true}}"
31,EMAIL_SEND,send_email,Send Email,email_mcp,communication,email,Send a new email message to one or more recipients with a subject and message body.,3,3,3,3,"[""to"",""subject"",""body""]","{""to"":{""type"":""array"",""required"":true},""subject"":{""type"":""string"",""required"":true},""body"":{""type"":""string"",""required"":true}}"
32,EMAIL_SEARCH,search_email,Search Email,email_mcp,communication,email,"Search stored email messages using keywords, senders, subjects, dates, recipients, or natural-language criteria.",3,3,1,1,"[""query""]","{""query"":{""type"":""string"",""required"":true}}"
33,EMAIL_READ,read_email,Read Email,email_mcp,communication,email,Retrieve the full body and metadata of a specific stored email message.,3,3,1,1,"[""message_id""]","{""message_id"":{""type"":""string"",""required"":true}}"
34,EMAIL_REPLY,reply_email,Reply Email,email_mcp,communication,email,Send a reply within an existing email conversation.,3,3,2,2,"[""message_id"",""body""]","{""message_id"":{""type"":""string"",""required"":true},""body"":{""type"":""string"",""required"":true}}"
35,EMAIL_DRAFT,create_email_draft,Create Email Draft,email_mcp,communication,email,Create and save an email draft without sending it.,3,3,3,3,"[""to"",""subject"",""body""]","{""to"":{""type"":""array"",""required"":true},""subject"":{""type"":""string"",""required"":true},""body"":{""type"":""string"",""required"":true}}"
36,EMAIL_ARCHIVE,archive_email,Archive Email,email_mcp,communication,email,Remove an email from the active inbox while retaining the message in stored mail.,2,3,1,1,"[""message_id""]","{""message_id"":{""type"":""string"",""required"":true}}"
37,CALENDAR_CREATE,create_calendar_event,Create Calendar Event,calendar_mcp,communication,calendar,"Create a new calendar event for a specified date, time, duration, location, and optional attendees.",3,3,3,3,"[""title"",""start_time"",""end_time""]","{""title"":{""type"":""string"",""required"":true},""start_time"":{""type"":""string"",""required"":true},""end_time"":{""type"":""string"",""required"":true}}"
38,CALENDAR_SEARCH,search_calendar_events,Search Calendar Events,calendar_mcp,communication,calendar,"Find existing calendar events matching a date range, title, participant, location, or query.",3,3,3,0,[],"{""query"":{""type"":""string"",""required"":false},""start_time"":{""type"":""string"",""required"":false},""end_time"":{""type"":""string"",""required"":false}}"
39,CALENDAR_UPDATE,update_calendar_event,Update Calendar Event,calendar_mcp,communication,calendar,"Modify an existing calendar event's title, time, attendees, location, or description.",3,3,2,2,"[""event_id"",""updates""]","{""event_id"":{""type"":""string"",""required"":true},""updates"":{""type"":""object"",""required"":true}}"
40,CALENDAR_DELETE,delete_calendar_event,Delete Calendar Event,calendar_mcp,communication,calendar,Cancel or remove an existing calendar event.,3,3,1,1,"[""event_id""]","{""event_id"":{""type"":""string"",""required"":true}}"
41,CALENDAR_AVAILABILITY,check_calendar_availability,Check Calendar Availability,calendar_mcp,communication,calendar,Determine open and occupied time intervals within a requested date or time range.,3,3,2,2,"[""start_time"",""end_time""]","{""start_time"":{""type"":""string"",""required"":true},""end_time"":{""type"":""string"",""required"":true}}"
42,MESSAGE_SEND,send_channel_message,Send Channel Message,messaging_mcp,communication,messaging,Send a new message to a specified team communication channel.,3,3,2,2,"[""channel"",""message""]","{""channel"":{""type"":""string"",""required"":true},""message"":{""type"":""string"",""required"":true}}"
43,MESSAGE_SEARCH,search_messages,Search Messages,messaging_mcp,communication,messaging,Search historical team messages across channels and conversations.,3,3,1,1,"[""query""]","{""query"":{""type"":""string"",""required"":true}}"
44,MESSAGE_THREAD_REPLY,reply_to_thread,Reply to Thread,messaging_mcp,communication,messaging,Post a response within an existing threaded team conversation.,3,3,2,2,"[""thread_id"",""message""]","{""thread_id"":{""type"":""string"",""required"":true},""message"":{""type"":""string"",""required"":true}}"
45,CHANNEL_LIST,list_channels,List Channels,messaging_mcp,communication,messaging,Return available communication channels in the synthetic messaging workspace.,3,3,0,0,[],{}
46,CHANNEL_HISTORY,get_channel_history,Get Channel History,messaging_mcp,communication,messaging,Retrieve recent messages posted to a selected messaging channel.,3,3,1,1,"[""channel""]","{""channel"":{""type"":""string"",""required"":true}}"
47,GIT_STATUS,get_git_status,Get Git Status,git_mcp,development,git,Return the current working-tree and staging status of a Git repository.,3,3,1,1,"[""repo_path""]","{""repo_path"":{""type"":""string"",""required"":true}}"
48,GIT_DIFF,get_git_diff,Get Git Diff,git_mcp,development,git,"Show line-level differences between repository states, commits, branches, or working files.",3,3,3,1,"[""repo_path""]","{""repo_path"":{""type"":""string"",""required"":true},""base"":{""type"":""string"",""required"":false},""target"":{""type"":""string"",""required"":false}}"
49,GIT_COMMIT_HISTORY,get_commit_history,Get Commit History,git_mcp,development,git,Retrieve recent commits and associated metadata from a Git repository.,3,3,2,1,"[""repo_path""]","{""repo_path"":{""type"":""string"",""required"":true},""limit"":{""type"":""integer"",""required"":false}}"
50,GIT_BRANCH_LIST,list_git_branches,List Git Branches,git_mcp,development,git,List local and remote branches available in a Git repository.,3,3,1,1,"[""repo_path""]","{""repo_path"":{""type"":""string"",""required"":true}}"
51,GIT_CREATE_BRANCH,create_git_branch,Create Git Branch,git_mcp,development,git,Create a new Git branch from the specified revision or current repository state.,3,3,3,2,"[""repo_path"",""branch_name""]","{""repo_path"":{""type"":""string"",""required"":true},""branch_name"":{""type"":""string"",""required"":true},""base"":{""type"":""string"",""required"":false}}"
52,GIT_COMMIT,create_git_commit,Create Git Commit,git_mcp,development,git,Create a new Git commit containing staged repository changes.,3,3,2,2,"[""repo_path"",""message""]","{""repo_path"":{""type"":""string"",""required"":true},""message"":{""type"":""string"",""required"":true}}"
53,ISSUE_SEARCH,search_issues,Search Issues,issue_tracker_mcp,development,issues,"Search software issues using keywords, labels, states, repositories, or natural-language descriptions.",3,3,1,1,"[""query""]","{""query"":{""type"":""string"",""required"":true}}"
54,ISSUE_READ,read_issue,Read Issue,issue_tracker_mcp,development,issues,"Retrieve the title, body, comments, labels, state, and metadata of a specific issue.",3,3,1,1,"[""issue_id""]","{""issue_id"":{""type"":""string"",""required"":true}}"
55,ISSUE_CREATE,create_issue,Create Issue,issue_tracker_mcp,development,issues,"Create a new software issue with a title, description, and optional metadata.",3,3,2,2,"[""title"",""body""]","{""title"":{""type"":""string"",""required"":true},""body"":{""type"":""string"",""required"":true}}"
56,ISSUE_UPDATE,update_issue,Update Issue,issue_tracker_mcp,development,issues,"Modify an existing issue's state, title, description, labels, assignment, or other properties.",3,3,2,2,"[""issue_id"",""updates""]","{""issue_id"":{""type"":""string"",""required"":true},""updates"":{""type"":""object"",""required"":true}}"
57,ISSUE_COMMENT,comment_on_issue,Comment on Issue,issue_tracker_mcp,development,issues,Add a new comment to an existing software issue or development task.,3,3,2,2,"[""issue_id"",""comment""]","{""issue_id"":{""type"":""string"",""required"":true},""comment"":{""type"":""string"",""required"":true}}"
58,TEXT_SUMMARIZE,summarize_text,Summarize Text,text_mcp,language,text,Condense supplied plain text while preserving its most important information.,3,3,1,1,"[""text""]","{""text"":{""type"":""string"",""required"":true}}"
59,TEXT_TRANSLATE,translate_text,Translate Text,text_mcp,language,text,Translate supplied text from one language into another while preserving meaning and intent.,3,3,2,2,"[""text"",""target_language""]","{""text"":{""type"":""string"",""required"":true},""target_language"":{""type"":""string"",""required"":true}}"
60,TEXT_SENTIMENT,analyze_sentiment,Analyze Sentiment,text_mcp,language,analysis,"Determine whether supplied text expresses positive, negative, neutral, or mixed sentiment.",3,3,1,1,"[""text""]","{""text"":{""type"":""string"",""required"":true}}"
61,TEXT_KEYWORDS,extract_keywords,Extract Keywords,text_mcp,language,analysis,"Identify important keywords, phrases, and concepts appearing in supplied text.",3,3,1,1,"[""text""]","{""text"":{""type"":""string"",""required"":true}}"
62,TEXT_ENTITIES,extract_entities,Extract Entities,text_mcp,language,analysis,"Extract named entities such as people, organizations, places, dates, products, or events from text.",3,3,1,1,"[""text""]","{""text"":{""type"":""string"",""required"":true}}"
63,TEXT_REWRITE,rewrite_text,Rewrite Text,text_mcp,language,transformation,"Rewrite supplied text according to a requested tone, style, length, clarity, or audience.",3,3,2,2,"[""text"",""instruction""]","{""text"":{""type"":""string"",""required"":true},""instruction"":{""type"":""string"",""required"":true}}"
64,TEXT_CLASSIFY,classify_text,Classify Text,text_mcp,language,analysis,Assign supplied text to one of a predefined set of semantic categories.,3,3,2,2,"[""text"",""categories""]","{""text"":{""type"":""string"",""required"":true},""categories"":{""type"":""array"",""required"":true}}"
65,CALCULATOR,calculate_expression,Calculate Expression,math_mcp,computation,math,Evaluate a mathematical arithmetic expression and return its numerical result.,3,3,1,1,"[""expression""]","{""expression"":{""type"":""string"",""required"":true}}"
66,STATISTICS_DESCRIBE,calculate_descriptive_statistics,Calculate Descriptive Statistics,math_mcp,computation,statistics,"Compute descriptive statistics such as mean, median, variance, standard deviation, minimum, and maximum for numeric values.",3,3,1,1,"[""values""]","{""values"":{""type"":""array"",""required"":true}}"
67,PERCENTAGE_CHANGE,calculate_percentage_change,Calculate Percentage Change,math_mcp,computation,math,Calculate the percentage increase or decrease between two numeric values.,3,3,2,2,"[""old_value"",""new_value""]","{""old_value"":{""type"":""number"",""required"":true},""new_value"":{""type"":""number"",""required"":true}}"
68,COMPOUND_INTEREST,calculate_compound_interest,Calculate Compound Interest,math_mcp,computation,finance,"Calculate future value from principal, interest rate, compounding frequency, and duration.",3,3,4,3,"[""principal"",""annual_rate"",""years""]","{""principal"":{""type"":""number"",""required"":true},""annual_rate"":{""type"":""number"",""required"":true},""years"":{""type"":""number"",""required"":true},""compounds_per_year"":{""type"":""integer"",""required"":false}}"
69,LINEAR_EQUATION_SOLVE,solve_linear_equation,Solve Linear Equation,math_mcp,computation,algebra,Solve a linear equation or small system of linear equations for unknown variables.,3,3,1,1,"[""equation""]","{""equation"":{""type"":""string"",""required"":true}}"
70,DATASET_INSPECT,inspect_dataset,Inspect Dataset,data_analysis_mcp,data,tabular,"Return dataset columns, types, dimensions, null counts, and representative sample values.",3,3,1,1,"[""dataset""]","{""dataset"":{""type"":""string"",""required"":true}}"
71,DATASET_FILTER,filter_dataset,Filter Dataset,data_analysis_mcp,data,tabular,Select rows from a dataset according to supplied conditions or predicates.,3,3,2,2,"[""dataset"",""condition""]","{""dataset"":{""type"":""string"",""required"":true},""condition"":{""type"":""string"",""required"":true}}"
72,DATASET_SORT,sort_dataset,Sort Dataset,data_analysis_mcp,data,tabular,Sort dataset rows according to one or more columns and ordering rules.,3,3,2,2,"[""dataset"",""columns""]","{""dataset"":{""type"":""string"",""required"":true},""columns"":{""type"":""array"",""required"":true}}"
73,DATASET_GROUP,group_dataset,Group Dataset,data_analysis_mcp,data,tabular,Group dataset rows according to categorical values and compute requested aggregations.,3,3,3,3,"[""dataset"",""group_by"",""aggregations""]","{""dataset"":{""type"":""string"",""required"":true},""group_by"":{""type"":""array"",""required"":true},""aggregations"":{""type"":""object"",""required"":true}}"
74,DATASET_COLUMN_CREATE,create_calculated_column,Create Calculated Column,data_analysis_mcp,data,tabular,Add a derived column to a dataset by applying a deterministic expression to existing fields.,3,3,3,3,"[""dataset"",""column_name"",""expression""]","{""dataset"":{""type"":""string"",""required"":true},""column_name"":{""type"":""string"",""required"":true},""expression"":{""type"":""string"",""required"":true}}"
75,DATASET_MISSING_VALUES,analyze_missing_values,Analyze Missing Values,data_analysis_mcp,data,tabular,Identify missing or null values and summarize their distribution across a tabular dataset.,3,3,1,1,"[""dataset""]","{""dataset"":{""type"":""string"",""required"":true}}"
76,JSON_PARSE,parse_json,Parse JSON,json_mcp,data,json,Parse serialized JSON input and return its structured representation or parsing errors.,3,3,1,1,"[""json""]","{""json"":{""type"":""string"",""required"":true}}"
77,JSON_QUERY,query_json,Query JSON,json_mcp,data,json,Retrieve values from nested JSON using a structured path or field-based request.,3,3,2,2,"[""data"",""path""]","{""data"":{""type"":""object"",""required"":true},""path"":{""type"":""string"",""required"":true}}"
78,JSON_VALIDATE,validate_json_schema,Validate JSON Schema,json_mcp,data,json,Validate JSON data against a supplied JSON Schema and report validation violations.,3,3,2,2,"[""data"",""schema""]","{""data"":{""type"":""object"",""required"":true},""schema"":{""type"":""object"",""required"":true}}"
79,JSON_TRANSFORM,transform_json,Transform JSON,json_mcp,data,json,"Restructure JSON data by selecting, renaming, mapping, nesting, or removing fields.",3,3,2,2,"[""data"",""transformation""]","{""data"":{""type"":""object"",""required"":true},""transformation"":{""type"":""object"",""required"":true}}"
80,JSON_COMPARE,compare_json,Compare JSON,json_mcp,data,json,"Compare two JSON structures and report additions, removals, and changed values.",3,3,2,2,"[""left"",""right""]","{""left"":{""type"":""object"",""required"":true},""right"":{""type"":""object"",""required"":true}}"
81,SYSTEM_INFO,get_system_info,Get System Info,system_mcp,system,host,"Return operating system, architecture, hostname, processor, and runtime information.",3,3,0,0,[],{}
82,DISK_USAGE,get_disk_usage,Get Disk Usage,system_mcp,system,resources,"Return total, used, and available disk storage for a specified filesystem location.",3,3,1,0,[],"{""path"":{""type"":""string"",""required"":false}}"
83,MEMORY_USAGE,get_memory_usage,Get Memory Usage,system_mcp,system,resources,"Return total, used, and available system memory information.",3,3,0,0,[],{}
84,PROCESS_LIST,list_processes,List Processes,system_mcp,system,processes,Return currently running synthetic processes and basic process metadata.,3,3,0,0,[],{}
85,ENVIRONMENT_READ,read_environment_variable,Read Environment Variable,system_mcp,system,environment,Return the value of an allowed synthetic environment variable.,3,3,1,1,"[""name""]","{""name"":{""type"":""string"",""required"":true}}"
86,GEOCODE,geocode_location,Geocode Location,geo_mcp,geography,location,Convert a place name or postal address into latitude and longitude coordinates.,3,3,1,1,"[""location""]","{""location"":{""type"":""string"",""required"":true}}"
87,REVERSE_GEOCODE,reverse_geocode,Reverse Geocode,geo_mcp,geography,location,Convert latitude and longitude coordinates into a human-readable geographic location.,3,3,2,2,"[""latitude"",""longitude""]","{""latitude"":{""type"":""number"",""required"":true},""longitude"":{""type"":""number"",""required"":true}}"
88,GEO_DISTANCE,calculate_geographic_distance,Calculate Geographic Distance,geo_mcp,geography,distance,Calculate approximate geographic distance between two coordinates or named locations.,3,3,2,2,"[""origin"",""destination""]","{""origin"":{""type"":""string"",""required"":true},""destination"":{""type"":""string"",""required"":true}}"
89,TIMEZONE_LOOKUP,lookup_timezone,Lookup Timezone,geo_mcp,geography,timezone,Determine the timezone associated with a geographic location.,3,3,1,1,"[""location""]","{""location"":{""type"":""string"",""required"":true}}"
90,COUNTRY_LOOKUP,lookup_country_information,Lookup Country Information,geo_mcp,geography,country,"Retrieve basic synthetic geographic information about a country such as capital, region, and country code.",3,3,1,1,"[""country""]","{""country"":{""type"":""string"",""required"":true}}"
91,IMAGE_METADATA,get_image_metadata,Get Image Metadata,media_mcp,media,image,"Retrieve image format, dimensions, file size, and associated image metadata.",3,3,1,1,"[""path""]","{""path"":{""type"":""string"",""required"":true}}"
92,IMAGE_RESIZE,resize_image,Resize Image,media_mcp,media,image,Resize an image to specified dimensions.,3,3,3,3,"[""path"",""width"",""height""]","{""path"":{""type"":""string"",""required"":true},""width"":{""type"":""integer"",""required"":true},""height"":{""type"":""integer"",""required"":true}}"
93,IMAGE_CROP,crop_image,Crop Image,media_mcp,media,image,Extract a rectangular region from an existing image.,3,3,5,5,"[""path"",""x"",""y"",""width"",""height""]","{""path"":{""type"":""string"",""required"":true},""x"":{""type"":""integer"",""required"":true},""y"":{""type"":""integer"",""required"":true},""width"":{""type"":""integer"",""required"":true},""height"":{""type"":""integer"",""required"":true}}"
94,IMAGE_FORMAT_CONVERT,convert_image_format,Convert Image Format,media_mcp,media,image,"Convert an image between supported formats such as PNG, JPEG, and WebP.",3,3,2,2,"[""path"",""format""]","{""path"":{""type"":""string"",""required"":true},""format"":{""type"":""string"",""required"":true}}"
95,IMAGE_DESCRIBE,describe_image,Describe Image,media_mcp,media,image,"Produce a textual description of visible objects, layout, and content in an image.",3,3,1,1,"[""path""]","{""path"":{""type"":""string"",""required"":true}}"
96,DATE_DIFFERENCE,calculate_date_difference,Calculate Date Difference,utility_mcp,utility,date,Calculate the elapsed duration between two supplied calendar dates or timestamps.,3,3,2,2,"[""start"",""end""]","{""start"":{""type"":""string"",""required"":true},""end"":{""type"":""string"",""required"":true}}"
97,DATE_ADD,add_date_duration,Add Date Duration,utility_mcp,utility,date,"Add a specified duration in days, weeks, months, or years to a calendar date.",3,3,3,3,"[""date"",""amount"",""unit""]","{""date"":{""type"":""string"",""required"":true},""amount"":{""type"":""integer"",""required"":true},""unit"":{""type"":""string"",""required"":true}}"
98,UUID_GENERATE,generate_uuid,Generate UUID,utility_mcp,utility,identifier,Generate a valid universally unique identifier.,3,3,0,0,[],{}
99,HASH_TEXT,hash_text,Hash Text,utility_mcp,utility,encoding,Compute a deterministic cryptographic digest of supplied text using a specified hashing algorithm.,3,3,2,2,"[""text"",""algorithm""]","{""text"":{""type"":""string"",""required"":true},""algorithm"":{""type"":""string"",""required"":true}}"
100,BASE64_ENCODE,encode_base64,Base64 Encode,utility_mcp,utility,encoding,Convert supplied text or bytes into Base64 representation.,3,3,1,1,"[""data""]","{""data"":{""type"":""string"",""required"":true}}"
101,BASE64_DECODE,decode_base64,Base64 Decode,utility_mcp,utility,encoding,Decode valid Base64 input back into its original text or byte representation.,3,3,1,1,"[""data""]","{""data"":{""type"":""string"",""required"":true}}"
